{"mean": [74.03666666666666, 28.01316666666667, 0.175, 0.125, 39.1, 0.30833333333333335, 0.3416666666666667, 0.3625, 0.0, 0.0, 0.0, 24.066666666666666, 24.041666666666668, 1720.4916666666666, 30.416666666666668, 30.975, 0.0, 0.0, 0.0, 0.0, 0.0, 0.0, 0.0, 0.0], "std": [15.938516949233156, 5.791842978539653, 0.37996711383926657, 0.33071892388307383, 11.132834330154056, 0.6927702140038642, 0.9173860913322939, 0.7418515787116932, 1e-08, 1e-08, 1e-08, 15.20621219084533, 15.204383058610981, 1390.979385166572, 32.739014282814566, 29.4795020693406, 1e-08, 1e-08, 1e-08, 1e-08, 1e-08, 1e-08, 1e-08, 1e-08]}